Workbook

Sheet Neurônio
F1: RU: 5491035
O7: W 0
D8: =Treinamento!B8 -> 5 | G8: W 1
C9: X1
D13: =Treinamento!C8 -> 4 | G13: W 2
C14: X2
D18: =Treinamento!D8 -> 9 | G18: W 3
C19: X3
R22: . d
D23: =Treinamento!E8 -> 1 | G23: W 4 | W23: o | Y23: =Treinamento!J8 -> 1
C24: X4 | X24: Saída
U27: Ativador
D28: =Treinamento!F8 -> 0 | G28: W 5
C29: X5
D33: =Treinamento!G8 -> 3 | G33: W 6
C34: X6
D38: =Treinamento!H8 -> 5 | G38: W 7
C39: X7
G42: X = Entradas | L42: W = Pesos

Sheet Treinamento
B1: Taxa de Aprendizado | E1: 0.01
D3: Pesos
A4: w1 | B4: w2 | C4: w3 | D4: w4 | E4: w5 | F4: w6 | G4: w7 | H4: bias
A5: 0.12 | B5: -0.07 | C5: 0.03 | D5: 0.25 | E5: -0.14 | F5: 0.09 | G5: -0.05
B7: x1 | C7: x2 | D7: x3 | E7: x4 | F7: x5 | G7: x6 | H7: x7 | I7: H | J7: Y | K7: C | L7: Atual | M7: Esperado | N7: Erro | O7: D1 | P7: D2 | Q7: D3 | R7: D4 | S7: D5 | T7: D6 | U7: D7
A8: RU | B8: 5 | C8: 4 | D8: 9 | E8: 1 | F8: 0 | G8: 3 | H8: 5 | I8: =(H$5*1)+(A$5*B8)+(B$5*C8)+(C$5*D8)+(D$5*E8)+(E$5*F8)+(F$5*G8)+(G$5*H8) -> 0.86 | J8: =IF(I8>=0, 1, -1) -> 1 | K8: =IF(J8>0,1,-1) -> 1 | L8: =J8 -> 1 | M8: =IF(SUM(A8:H8) > 15, 1, -1) -> 1 | N8: =IF(SUM(B8:I8) > 15, 1, -1) -> 1 | O8: =$E$1*$N8*B8 -> 0.05 | P8: =$E$1*$N8*C8 -> 0.04 | Q8: =$E$1*$N8*D8 -> 0.09 | R8: =$E$1*$N8*E8 -> 0.01 | S8: =$E$1*$N8*F8 -> 0 | T8: =$E$1*$N8*G8 -> 0.03 | U8: =$E$1*$N8*H8 -> 0.05
A9: 2 | B9: -6 | C9: -2 | D9: 2 | E9: -10 | F9: 0 | G9: -5 | H9: -10 | I9: =(H$5*1)+(A$5*B9)+(B$5*C9)+(C$5*D9)+(D$5*E9)+(E$5*F9)+(F$5*G9)+(G$5*H9) -> -2.97 | J9: =IF(I9>=0, 1, -1) -> -1 | K9: =J9 -> -1 | L9: =J9 -> -1 | M9: =IF(SUM(A9:H9) > 15, 1, -1) -> -1 | N9: =IF(SUM(B9:I9) > 15, 1, -1) -> -1 | O9: =$E$1*$N9*B9 -> 0.06 | P9: =$E$1*$N9*C9 -> 0.02 | Q9: =$E$1*$N9*D9 -> -0.02 | R9: =$E$1*$N9*E9 -> 0.1 | S9: =$E$1*$N9*F9 -> 0 | T9: =$E$1*$N9*G9 -> 0.05 | U9: =$E$1*$N9*H9 -> 0.1
A10: 3 | B10: 10 | C10: 7 | D10: -7 | E10: -1 | F10: 1 | G10: 4 | H10: 0 | I10: =(H$5*1)+(A$5*B10)+(B$5*C10)+(C$5*D10)+(D$5*E10)+(E$5*F10)+(F$5*G10)+(G$5*H10) -> 0.47 | J10: =IF(I10>=0, 1, -1) -> 1 | K10: =J10 -> 1 | L10: =J10 -> 1 | M10: =IF(SUM(A10:H10) > 15, 1, -1) -> 1 | N10: =IF(SUM(B10:I10) > 15, 1, -1) -> -1 | O10: =$E$1*$N10*B10 -> -0.1 | P10: =$E$1*$N10*C10 -> -0.07 | Q10: =$E$1*$N10*D10 -> 0.07 | R10: =$E$1*$N10*E10 -> 0.01 | S10: =$E$1*$N10*F10 -> -0.01 | T10: =$E$1*$N10*G10 -> -0.04 | U10: =$E$1*$N10*H10 -> 0
A11: 4 | B11: 10 | C11: -10 | D11: -10 | E11: 5 | F11: -8 | G11: -10 | H11: -7 | I11: =(H$5*1)+(A$5*B11)+(B$5*C11)+(C$5*D11)+(D$5*E11)+(E$5*F11)+(F$5*G11)+(G$5*H11) -> 3.42 | J11: =IF(I11>=0, 1, -1) -> 1 | K11: =J11 -> 1 | L11: =J11 -> 1 | M11: =IF(SUM(A11:H11) > 15, 1, -1) -> -1 | N11: =IF(SUM(B11:I11) > 15, 1, -1) -> -1 | O11: =$E$1*$N11*B11 -> -0.1 | P11: =$E$1*$N11*C11 -> 0.1 | Q11: =$E$1*$N11*D11 -> 0.1 | R11: =$E$1*$N11*E11 -> -0.05 | S11: =$E$1*$N11*F11 -> 0.08 | T11: =$E$1*$N11*G11 -> 0.1 | U11: =$E$1*$N11*H11 -> 0.07
A12: 5 | B12: -9 | C12: -8 | D12: -10 | E12: -2 | F12: -1 | G12: -7 | H12: -10 | I12: =(H$5*1)+(A$5*B12)+(B$5*C12)+(C$5*D12)+(D$5*E12)+(E$5*F12)+(F$5*G12)+(G$5*H12) -> -1.31 | J12: =IF(I12>=0, 1, -1) -> -1 | K12: =J12 -> -1 | L12: =J12 -> -1 | M12: =IF(SUM(A12:H12) > 15, 1, -1) -> -1 | N12: =IF(SUM(B12:I12) > 15, 1, -1) -> -1 | O12: =$E$1*$N12*B12 -> 0.09 | P12: =$E$1*$N12*C12 -> 0.08 | Q12: =$E$1*$N12*D12 -> 0.1 | R12: =$E$1*$N12*E12 -> 0.02 | S12: =$E$1*$N12*F12 -> 0.01 | T12: =$E$1*$N12*G12 -> 0.07 | U12: =$E$1*$N12*H12 -> 0.1
A13: 6 | B13: -7 | C13: -5 | D13: -10 | E13: -7 | F13: -10 | G13: -9 | H13: -8 | I13: =(H$5*1)+(A$5*B13)+(B$5*C13)+(C$5*D13)+(D$5*E13)+(E$5*F13)+(F$5*G13)+(G$5*H13) -> -1.55 | J13: =IF(I13>=0, 1, -1) -> -1 | K13: =J13 -> -1 | L13: =J13 -> -1 | M13: =IF(SUM(A13:H13) > 15, 1, -1) -> -1 | N13: =IF(SUM(B13:I13) > 15, 1, -1) -> -1 | O13: =$E$1*$N13*B13 -> 0.07 | P13: =$E$1*$N13*C13 -> 0.05 | Q13: =$E$1*$N13*D13 -> 0.1 | R13: =$E$1*$N13*E13 -> 0.07 | S13: =$E$1*$N13*F13 -> 0.1 | T13: =$E$1*$N13*G13 -> 0.09 | U13: =$E$1*$N13*H13 -> 0.08
A14: 7 | B14: -8 | C14: -5 | D14: -10 | E14: -10 | F14: 10 | G14: 3 | H14: -5 | I14: =(H$5*1)+(A$5*B14)+(B$5*C14)+(C$5*D14)+(D$5*E14)+(E$5*F14)+(F$5*G14)+(G$5*H14) -> -4.29 | J14: =IF(I14>=0, 1, -1) -> -1 | K14: =J14 -> -1 | L14: =J14 -> -1 | M14: =IF(SUM(A14:H14) > 15, 1, -1) -> -1 | N14: =IF(SUM(B14:I14) > 15, 1, -1) -> -1 | O14: =$E$1*$N14*B14 -> 0.08 | P14: =$E$1*$N14*C14 -> 0.05 | Q14: =$E$1*$N14*D14 -> 0.1 | R14: =$E$1*$N14*E14 -> 0.1 | S14: =$E$1*$N14*F14 -> -0.1 | T14: =$E$1*$N14*G14 -> -0.03 | U14: =$E$1*$N14*H14 -> 0.05
A15: 8 | B15: 10 | C15: -5 | D15: -10 | E15: -7 | F15: -9 | G15: -4 | H15: -10 | I15: =(H$5*1)+(A$5*B15)+(B$5*C15)+(C$5*D15)+(D$5*E15)+(E$5*F15)+(F$5*G15)+(G$5*H15) -> 0.9 | J15: =IF(I15>=0, 1, -1) -> 1 | K15: =J15 -> 1 | L15: =J15 -> 1 | M15: =IF(SUM(A15:H15) > 15, 1, -1) -> -1 | N15: =IF(SUM(B15:I15) > 15, 1, -1) -> -1 | O15: =$E$1*$N15*B15 -> -0.1 | P15: =$E$1*$N15*C15 -> 0.05 | Q15: =$E$1*$N15*D15 -> 0.1 | R15: =$E$1*$N15*E15 -> 0.07 | S15: =$E$1*$N15*F15 -> 0.09 | T15: =$E$1*$N15*G15 -> 0.04 | U15: =$E$1*$N15*H15 -> 0.1
A16: 9 | B16: -1 | C16: -8 | D16: -10 | E16: -8 | F16: -6 | G16: -9 | H16: -9 | I16: =(H$5*1)+(A$5*B16)+(B$5*C16)+(C$5*D16)+(D$5*E16)+(E$5*F16)+(F$5*G16)+(G$5*H16) -> -1.38 | J16: =IF(I16>=0, 1, -1) -> -1 | K16: =J16 -> -1 | L16: =J16 -> -1 | M16: =IF(SUM(A16:H16) > 15, 1, -1) -> -1 | N16: =IF(SUM(B16:I16) > 15, 1, -1) -> -1 | O16: =$E$1*$N16*B16 -> 0.01 | P16: =$E$1*$N16*C16 -> 0.08 | Q16: =$E$1*$N16*D16 -> 0.1 | R16: =$E$1*$N16*E16 -> 0.08 | S16: =$E$1*$N16*F16 -> 0.06 | T16: =$E$1*$N16*G16 -> 0.09 | U16: =$E$1*$N16*H16 -> 0.09
A17: 10 | B17: 10 | C17: -1 | D17: -7 | E17: -10 | F17: -3 | G17: 3 | H17: -5 | I17: =(H$5*1)+(A$5*B17)+(B$5*C17)+(C$5*D17)+(D$5*E17)+(E$5*F17)+(F$5*G17)+(G$5*H17) -> -0.5 | J17: =IF(I17>=0, 1, -1) -> -1 | K17: =J17 -> -1 | L17: =J17 -> -1 | M17: =IF(SUM(A17:H17) > 15, 1, -1) -> -1 | N17: =IF(SUM(B17:I17) > 15, 1, -1) -> -1 | O17: =$E$1*$N17*B17 -> -0.1 | P17: =$E$1*$N17*C17 -> 0.01 | Q17: =$E$1*$N17*D17 -> 0.07 | R17: =$E$1*$N17*E17 -> 0.1 | S17: =$E$1*$N17*F17 -> 0.03 | T17: =$E$1*$N17*G17 -> -0.03 | U17: =$E$1*$N17*H17 -> 0.05
A18: 11 | B18: -1 | C18: -2 | D18: 2 | E18: 1 | F18: -5 | G18: -2 | H18: -2 | I18: =(H$5*1)+(A$5*B18)+(B$5*C18)+(C$5*D18)+(D$5*E18)+(E$5*F18)+(F$5*G18)+(G$5*H18) -> 0.95 | J18: =IF(I18>=0, 1, -1) -> 1 | K18: =J18 -> 1 | L18: =J18 -> 1 | M18: =IF(SUM(A18:H18) > 15, 1, -1) -> -1 | N18: =IF(SUM(B18:I18) > 15, 1, -1) -> -1 | O18: =$E$1*$N18*B18 -> 0.01 | P18: =$E$1*$N18*C18 -> 0.02 | Q18: =$E$1*$N18*D18 -> -0.02 | R18: =$E$1*$N18*E18 -> -0.01 | S18: =$E$1*$N18*F18 -> 0.05 | T18: =$E$1*$N18*G18 -> 0.02 | U18: =$E$1*$N18*H18 -> 0.02
A19: 12 | B19: -10 | C19: -10 | D19: -4 | E19: -9 | F19: 3 | G19: 2 | H19: -10 | I19: =(H$5*1)+(A$5*B19)+(B$5*C19)+(C$5*D19)+(D$5*E19)+(E$5*F19)+(F$5*G19)+(G$5*H19) -> -2.61 | J19: =IF(I19>=0, 1, -1) -> -1 | K19: =J19 -> -1 | L19: =J19 -> -1 | M19: =IF(SUM(A19:H19) > 15, 1, -1) -> -1 | N19: =IF(SUM(B19:I19) > 15, 1, -1) -> -1 | O19: =$E$1*$N19*B19 -> 0.1 | P19: =$E$1*$N19*C19 -> 0.1 | Q19: =$E$1*$N19*D19 -> 0.04 | R19: =$E$1*$N19*E19 -> 0.09 | S19: =$E$1*$N19*F19 -> -0.03 | T19: =$E$1*$N19*G19 -> -0.02 | U19: =$E$1*$N19*H19 -> 0.1
A20: 13 | B20: -2 | C20: -8 | D20: 10 | E20: -1 | F20: -9 | G20: -9 | H20: -10 | I20: =(H$5*1)+(A$5*B20)+(B$5*C20)+(C$5*D20)+(D$5*E20)+(E$5*F20)+(F$5*G20)+(G$5*H20) -> 1.32 | J20: =IF(I20>=0, 1, -1) -> 1 | K20: =J20 -> 1 | L20: =J20 -> 1 | M20: =IF(SUM(A20:H20) > 15, 1, -1) -> -1 | N20: =IF(SUM(B20:I20) > 15, 1, -1) -> -1 | O20: =$E$1*$N20*B20 -> 0.02 | P20: =$E$1*$N20*C20 -> 0.08 | Q20: =$E$1*$N20*D20 -> -0.1 | R20: =$E$1*$N20*E20 -> 0.01 | S20: =$E$1*$N20*F20 -> 0.09 | T20: =$E$1*$N20*G20 -> 0.09 | U20: =$E$1*$N20*H20 -> 0.1
... A57: 50 | B57: 1 | C57: -5 | D57: -2 | E57: -2 | F57: -10 | G57: -10 | H57: -4 | I57: =(H$5*1)+(A$5*B57)+(B$5*C57)+(C$5*D57)+(D$5*E57)+(E$5*F57)+(F$5*G57)+(G$5*H57) -> 0.61 | J57: =IF(I57>=0, 1, -1) -> 1 | K57: =J57 -> 1 | L57: =J57 -> 1 | M57: =IF(SUM(A57:H57) > 15, 1, -1) -> 1 | N57: =IF(SUM(B57:I57) > 15, 1, -1) -> -1 | O57: =$E$1*$N57*B57 -> -0.01 | P57: =$E$1*$N57*C57 -> 0.05 | Q57: =$E$1*$N57*D57 -> 0.02 | R57: =$E$1*$N57*E57 -> 0.02 | S57: =$E$1*$N57*F57 -> 0.1 | T57: =$E$1*$N57*G57 -> 0.1 | U57: =$E$1*$N57*H57 -> 0.04
